,category,size,mean,median,std
0,0.0,1934.0,2.581793579044615,2.581793579044615,0.0039734964209861
1,0.0,3868.0,2.6054850649461354,2.6054850649461354,0.002741673805092937
2,0.0,5802.0,2.5165462819262343,2.5165462819262343,0.0036287623402551095
3,0.0,7736.0,3.3789230030725936,3.3789230030725936,0.007428819278106236
4,0.0,9670.0,4.178755269503504,4.178755269503504,0.00017077623634165207
